gridSize,blockSize,groupNonces,matched,totalTime,totalHashes,mhps
48,64,2097152,true,10.495000000000001,3097226043,295.1144395426393
